Aufnahmenummer;;1;2;3;4;5;6;7;8;9;10;11
Seehöhe in m;;490;560;720;690;650;690;710;720;680;690;800
Hangneigung in °;;30;25;35;30;30;25;25;25;30;30;35
Exposition;;NO;NO;N;N;NO;NO;O;NW;N;N;N
Aufnahmefläche in m²;;600;600;600;600;600;600;600;600;600;600;600
Deckung Baumschicht in %;;100;100;100;100;100;100;100;100;100;100;100
Deckung Strauchschicht in %;;5;15;10;5;5;5;5;5;5;5;5
Deckung Krautschicht in %;;90;95;85;90;100;90;90;95;85;90;90
;;;;;;;;;;;;
Acer pseudoplatanus;B;4;4;4;3;4;3;4;3;4;4;4
Acer pseudoplatanus;S;.;4;.;.;.;.;.;.;.;.;.
Acer pseudoplatanus;K;.;.;+;.;.;+;.;.;4;.;.
Ulmus glabra;B;1;1;+;+;.;+;4;+;.;4;.
Ulmus glabra;S;.;.;+;.;.;.;.;.;.;.;.
Ulmus glabra;K;.;4;.;.;+;.;.;.;.;.;.
Fraxinus excelsior;B;2;1;1;2;1;2;1;2;1;4;4
Fraxinus excelsior;S;.;+;+;.;.;+;.;.;4;.;4
Fraxinus excelsior;K;1;.;.;1;.;.;+;.;.;1;.
Fagus sylvatica;B;.;4;+;1;.;1;.;1;4;.;4
Fagus sylvatica;S;+;.;+;.;.;+;+;.;.;.;.
Fagus sylvatica;K;.;4;.;.;+;4;.;.;.;.;.
Abies alba;B;.;.;.;.;.;.;.;.;.;4;.
Abies alba;S;.;.;.;.;.;.;.;.;4;.;.
Ainus incana;B;4;+;.;.;.;+;.;.;.;.;1
;;;;;;;;;;;;
;;;;;;;;;;;;
Clematis alba;S;+;.;.;+;.;.;+;+;.;4;.
Corylus avellana;S;.;4;.;+;.;4;+;.;.;4;.
Rubus caesius;S;.;.;+;.;.;+;.;.;.;4;.
Rubus idaeus;S;.;.;+;.;.;.;.;+;.;.;.
;;;;;;;;;;;;
;;;;;;;;;;;;
;;;;;;;;;;;;
Mercurialis perennis;K;1;2;1;2;1;2;2;1;2;1;1
Senecio ovatus;K;.;4;+;.;.;+;+;+;4;4;.
Prenanthes purpurea;K;.;+;.;.;.;4;4;.;.;4;.
Phyteuma spicata;K;+;.;+;+;.;.;.;+;.;.;.
Galium odoratum;K;4;.;.;+;.;.;.;.;.;.;.
;;;;;;;;;;;;
;;;;;;;;;;;;
Dryopteris filix-mas;K;4;4;.;+;+;+;.;.;4;4;4
Asanim europaeum;K;4;.;1;1;.;1;1;+;4;.;.
Paris quadrifolia;K;.;r;r;.;.;.;+;+;.;.;.
Primula elatior;K;.;4;4;.;.;+;.;.;.;.;.
Brachypodium sylvaticum;K;4;+;.;.;.;.;+;.;.;.;.
Cardamine trifolia;K;4;4;.;.;4;.;.;.;.;.;.
Lamium montanum;K;.;.;+;.;.;+;+;.;.;.;.
Carex sylvatica;K;.;.;+;.;.;.;+;.;4;.;.
Pulmonaria officinalis;K;.;+;+;.;.;.;.;.;.;4;.
Sanicula europaea;K;.;.;.;.;.;.;.;4;4;.;.
Melica nutans;K;.;.;.;.;.;4;.;.;4;.;.
Polystichum aculeatum;K;.;.;4;.;+;.;.;.;.;.;.
Scrophularia nodosa;K;.;r;.;.;.;.;.;r;.;.;.
Epilobium montanum;K;.;.;.;.;.;.;4;.;.;.;.
Lysimachia nemorum;K;.;.;.;.;.;.;.;4;.;.;.
;;;;;;;;;;;;
;;;;;;;;;;;;
Aegopodium podagraria;K;+;+;+;.;.;.;1;.;.;1;.
Stachys sylvatica;K;.;.;+;.;.;+;+;.;.;+;.
Impatiens noli-tangere;K;1;2;1;1;.;.;.;.;.;.;.
;;;;;;;;;;;;
;;;;;;;;;;;;
Aruncus dioicus;K;1;1;2;1;2;1;1;2;1;1;1
;;;;;;;;;;;;
;;;;;;;;;;;;
Geranium robertianum;K;+;.;+;.;.;+;+;+;.;+;.
Asplenium viride;K;.;+;.;.;.;.;.;+;+;.;.
;;;;;;;;;;;;
;;;;;;;;;;;;
Oxalis acetosella;K;1;1;2;1;.;1;1;1;.;1;.
Knautia dipsacifolia;K;+;.;+;+;.;+;+;.;.;+;.
Ajuga reptans;K;.;+;+;.;+;+;.;.;.;.;+
Athyrium filix-femina;K;+;.;+;.;.;.;.;.;+;.;.
Astrantia major;K;.;+;.;.;.;.;.;+;+;.;.
Hedera helix;K;.;.;+;.;.;.;+;+;.;.;.
Fragaria vesca;K;.;.;.;.;.;.;.;.;.;.;.
Ranunculus lanuginosus;K;.;+;.;.;.;+;+;.;.;+;.
Aconitum vulparia;K;.;+;.;.;.;.;.;+;+;.;+
;;;;;;;;;;;;
;;;;;;;;;;;;
Petasites albus;K;1;1;1;1;1;1;+;.;.;+;.
Urtica dioica;K;+;.;.;+;.;.;+;+;.;+;.
Cirsium oleraceum;K;+;+;+;+;.;.;.;.;.;.;.
Veronica latifolia;K;+;.;+;.;.;.;.;.;.;.;.
Angelica sylvestris;K;.;.;.;.;.;.;.;.;.;.;.
Heracleum sphondylium;K;+;.;+;.;.;.;.;.;.;.;.
;;;;;;;;;;;;
Chaerophyllum hirsutum;K;+;+;+;+;.;.;.;.;.;.;.
Saxifraga rotundifolia;K;+;+;.;.;.;.;.;.;.;.;.
;;;;;;;;;;;;
;;;;;;;;;;;;
Mnium undulatum;K;1;1;1;1;.;.;+;.;1;1;.
Eurhynchium Striatum;K;.;.;.;.;.;.;.;.;.;.;.
Ctenidium molluscum;K;.;2;2;2;1;1;1;1;.;1;+
